breddegrad;lengdegrad
68.8;16.53333
57;5
62.46933;6.15
63.33667;7.815
63.68716;8.756165
69.45717;18.13091
63.30967;8.124
69.93333;20.15
62.2005;5.88783
18.44167;-93.18566
59.18483;9.62333
59.11866;10.35833
59.38116;5.17883
66.78333;13.46667
59.2;10.88333
67.5995;12.61458
65.78333;12.30533
62.46;6.151665
68.485;15.21167
59.4225;5.226465
65.90183;12.38333
70.6395;29.751
55.63667;12.69
60.80543;4.79808
66.36667;12.61666
60.01667;5.266665
63.36666;8.2
62.47166;6.11548
70.41666;22.83333
61.0526;4.73828
61.26667;4.7865
69.75;19.66666
70.74167;25.66666
62.145;5.061665
63.56;9.41
61.59666;4.955
69.9;20.1
63.36533;8.672165
65.6745;12.14783
63.81733;9.670165
62.98333;7.55
68.27258;8.229665
70.6345;29.73383
63.86666;9.78333
56.56667;10.26667
60.85833;4.856665
69.3725;18.07383
70.38333;31.08333
69.75;19.11666
59.68333;5.716665
66.6305;13.29217
70.90517;25.552
63.7205;8.604333
59.18333;10.45
58.45;5.966665
68.78333;16.53333
70.01573;29
66.91666;13.85
58.05725;7.87297
67.63333;12.71667
69.87566;18.53693
58.42383;5.8585
66.25967;12.73483
64.90333;11.30667
71.11667;27.61666
64.21667;10.11667
64.91666;11.25
62.52666;6.23983
56.65;8.216665
64.44283;10.559
63.67178;9.03483
63.7325;8.62533
62.9665;6.9
65.31667;9.3205
58.0895;7.034
61.326;8.736667
63.25;7.916665
59.31667;8.716665
70.71166;25.8555
66.025;12.65117
66.77016;13.476
58.56667;9
59.86666;6.35
63.98333;8.8
59.18866;5.970665
59.3;6.15
64.02483;11.81061
60.75622;10.94644
11.105;-74.853
67.76666;14.4
59.22591;10.74382
69.96667;20.25
67.4855;12.067
69.7015;18.924
67.76455;15.58051
59.67117;5.318
67;14
70.068;20.37283
58.9;6.1
63.03333;7.666665
64.85383;11.09317
64.85233;11.25433
69.49167;17.49166
58.6;9.059165
66.36667;12.33333
33.61666;-59.76667
66.36667;12.35
68.03667;13.35166
59.02233;5.890665
62.52671;6.23988
69.55433;18.7215
64.21195;10.11083
68.4;16
60.1085;6.05833
68.5685;16.53167
62.31667;5.65
69.85;19.63333
59.35;5.3
64.84743;11.26826
59.6;5.283333
66.77417;13.50733
60.43683;5.107165
68.48333;15.20166
68.28343;14.2703
69.32333;16.12166
56.774;10.31433
58.07467;7.96833
62.63833;6.39
67.95383;15.16433
66.17976;12.36855
58.04233;7.9695
71.14833;25.33383
63.45833;7.8705
59.06746;10.96585
63.46666;10.88667
60.20705;5.05483
69.5645;18.76483
66.43166;12.82166
66.0215;12.6395
61.31667;5.05
61.325;5.05333
29.34167;-94.71333
-32.95916;-60.60733
70.11667;19.96667
63.32325;8.121515
63.44846;10.58216
70.7;24.36666
60.51667;5.316667
62.36666;6.316667
60.7865;4.817
60.43642;4.0958
60.27;5.3245
59.82633;5.718165
59.41215;5.23703
59.30072;4.96764
55.18333;-7.766665
54.85633;10.05
60.785;4.809665
63.7985;9.4425
64.87;11.276
59.01256;5.015165
62.445;6.27
32.0981;-81.00238
64.48803;10.75181
63;7.80783
60.67633;4.89133
66.1555;13.07433
62.33933;5.6245
64.91733;11.25615
59.335;5.306665
63.2546;7.92778
58.599;9.0655
62.33167;5.951665
70.51666;23.05
58.4491;5.9916
59.14082;5.267167
62.1835;5.603
59.234;6.15971
62.14543;5.06213
60.20833;3.48333
65.88728;12.15676
64.85367;11.2365
59.86848;5.21785
70.53258;25.10073
64.59529;11.52182
69.77216;19.06333
68.75333;16.61783
67.67003;14.70833
62.89083;6.8215
70.10948;19.5545
58.87167;9.53
63.50463;9.21628
61.095;4.7225
62.71938;7.1865
66.8214;49.18333
68.91833;15.052
60.47314;5.05148
64.80167;11.05667
67.48483;12.107
59.92067;5.296
66.17367;13.01
59.34183;9.250165
60.37167;6.716665
59.819;5.2535
64.4893;11.42667
57.0445;-6.4865
69.69096;19.04284
66.32032;12.99232
62.46666;6.13333
58.0545;7.771665
65.46667;12.2
60.16985;1.150815
70.65433;29.85083
78.39266;14.18333
69.58538;17.86118
64.27682;10.28288
64.91666;10.38633
61.37666;4.891665
68.57633;14.854
64.78958;10.70545
63.7342;8.627365
64.50133;10.88706
63.95346;8.85683
58.95782;6.14304
68.20408;14.57841
67.97231;15.31316
57.43333;7.2
59.208;5.929167
64.537;10.74212
58.235;6.607665
64.73535;11.1777
60.0584;5.32629
56.706;10.23733
69.89117;18.68183
61.3405;5.0595
64.24167;10.31833
63.8045;8.70633
55.29667;10.79
63.81833;8.61933
64.57166;5.22833
57.01167;-5.821115
69.58482;17.86498
59.05333;5.40333
63.09267;7.591665
63.91417;9.804665
69.77381;20.52477
79.8979;18.0773
63.11787;7.76358
58.57851;9.138705
64.91133;11.308
66.16416;12.85166
60.89146;4.841665
30.02554;-90.70393
62.52433;6.2835
43.40166;3.72
63.89;9.815
59.37333;5.21333
69.7525;30.04217
68.17333;14.71667
68.65166;16.62333
70.488;26.91438
62.3375;5.60833
60.335;4.989575
60.34666;5.176165
59.1;10.98333
67.23129;14.61352
66.5199;12.96667
59.15583;5.415
56.83781;-5.11758
3.83633;9.5365
59.42204;5.13329
63.65833;8.776665
62.81583;6.551665
67.96013;15.41635
63.095;7.77813
57.83833;6.716665
68.79166;16.57166
49.395;0.326665
68.00133;14.23783
58.8715;9.544
64.967;10.90938
60.07167;6.54833
65.985;12.505
59.741;10.18533
62.96555;7.02463
58.00411;7.48914
68.77167;15.45716
63.27856;8.2862
58.96241;6.15263
59.16833;10.84083
59.41217;10.49035
65.9445;12.02067
59.98867;5.09303
62.88588;6.85003
62.95483;7.883665
60.94831;4.968015
58.43842;8.81891
59.8745;10.575
69.71716;19.00733
62.98333;6.44233
64.736;10.93816
63.21123;8.158665
72.83933;55.69366
59.02951;9.7661
60.18755;11.38333
65.53716;12.16233
62.98833;8.65
60.326;4.9045
66.22646;12.08333
68.848;14.7305
70.97683;23.55351
69.6927;18.93653
64.62147;11.1646
69.6;20.51666
63.8143;8.4789
59.8395;10.63833
68.9022;15.28333
59.38783;5.273165
62.081;6.29383
60.39;5.307665
59.03483;10.225
62.03783;5.30983
66.77834;12.77333
61.88;5.075
58.075;8.066667
68.22166;16.07166
69.64097;18.9681
62.49466;6.38583
59.59808;5.318333
66.405;12.84167
68.53333;17.18333
35.06982;129.1307
62.49;6.205
70.47685;23.79
64.94;11.45667
58.23583;-6.9
68.297;15.44183
61.871;5.24333
67.62333;14.63333
59.2065;5.49
63.09917;7.5975
66.62466;12.97867
68.78332;14.45808
60.8;4.73
63.08578;7.460875
68.58766;14.8365
68.59648;16.50748
64.04149;10.02336
71.03333;26.23333
64.56727;10.84746
63.67775;9.27928
68.55316;16.46023
69.82728;20.78083
63.025;7.145935
66.23904;12.85831
68.996;15.43167
59.70922;10.58964
60.06805;5.97374
66.1555;12.67633
60.15432;5.226665
68.23733;14.58683
62.56667;6.216665
68.08933;16.35183
68.74;17.35833
51.339;3.85194
53.93333;10.86666
66.83833;13.29667
69.82133;18.618
70.938;25.483
69.32283;16.141
62.4579;6.189665
60.8215;4.79183
60.01266;5.08583
58.11715;8.106115
60.18116;-1.1505
66.37309;12.36666
62.881;6.8485
63.52666;-20.115
68.23648;14.58132
68.11995;13.86162
59.205;10.95
60.57539;5.22983
66.22666;13.355
62.41;6.03833
61.65166;4.6675
61.5802;5.001665
62.56;7.670165
58.87167;9.54333
58.87067;9.541665
61.20417;4.971665
67.76575;14.719
60.24;5.205
69.00683;15.15882
54.65633;8.200165
64.76292;10.89475
65.40916;-52.539
58.86818;9.424665
63.66083;8.728
67.40217;11.79617
58.05652;7.771085
63.635;9.675665
63.67167;9.35333
61.59166;4.978
61.60258;4.974
66.08433;12.603
59;10.075
68.33883;14.95995
56.98533;10.40283
66.20067;13.00667
59.23333;5.936665
66.87545;13.38553
61.33;5.155
70.79767;25.7645
66.02168;12.63532
59.8841;5.251465
58.9635;11.13
69.66825;19.00042
59.30333;5.29833
63.7594;9.45516
63.34925;7.7221
64.13333;10.12083
63.2835;8.141
65.71418;11.9222
58.95833;5.76833
59.48333;5.886665
67.73333;12.55
68.47166;16.10416
63.88603;9.75405
59.255;5.4
59.04233;9.070665
68.81667;14.55
30.795;32.315
60.59083;5.43433
67.25;14.25
65.7145;11.93335
59.35;5.316665
65.31533;12.02485
61.45283;5.475
58.07433;6.826665
63.288;9.08586
68.30666;15.50667
60.98666;4.8
64.19833;10.19333
64.79233;11.66685
67.63333;12.71667
59.29161;5.2046
65.20167;10.97333
61.1;5.5
59.884;5.21783
69.87116;18.58333
69.97045;29.63616
68.78833;16.55166
68.08633;13.203
61.6913;4.82348
59.88845;10.68938
70.70435;30.07393
70.97764;26.02597
68.232;14.6315
64.9706;10.92915
64.88833;11.31083
67.72263;14.64132
60.215;5.29433
63.28588;7.95255
63.675;8.771665
64.28073;10.37957
67.12466;13.96817
70.36681;25.45917
68.31017;15.65833
58.44167;5.9895
58.0705;8.022165
66.8705;13.50266
66.92467;13.43861
60.7885;4.829805
65.65333;12.17333
59.40166;6.09
66.73631;13.50821
68.37333;15.074
68.95668;16.63425
69.7;18.24083
59.48362;10.38622
69.55233;18.7355
66.00667;12.29
59.5;5.5
55.09166;14.68167
69.6715;19.0345
63.24316;8.152165
69.49833;10.5
59.85966;5.242665
66.176;12.8695
69.80867;19.98792
66.82767;13.57417
61.5975;4.956
59.37;5.29295
62.8425;7.082
68.72317;15.62366
78.25366;13.80033
70.27529;19.29372
61.34066;9.250665
60.39167;4.92
65.853;11.97833
58.85;9.48333
58.2;8.33833
78.54333;16.51
63.54667;10.6145
69.23517;17.95
63.98891;9.08665
60.6843;5.374505
60.9595;4.98783
58.975;5.723
77.43133;20.80833
68.20833;14.67167
78.0579;14.19323
69.954;21.09
60.94667;4.76833
59.87664;10.72157
59.86666;10.65
79.57667;12.825
71.13647;23.38087
69.79633;20.944
59.76;-165.5033
63.07083;7.52333
59.25683;6.1555
61.32217;5.05333
59.39317;5.151665
60.80938;5.002425
60.91783;6.86833
59.88166;10.5355
59.85081;10.49162
64.74397;11.02672
59.07333;10.28333
67.531;15.45267
70.78993;23.40664
59.08833;10.97167
60.04885;5.70603
59.88841;5.52354
61.94793;5.14766
66.02167;12.245
68.23783;14.589
66.3745;12.36683
66.57833;12.93333
61.00733;4.616665
69.75;30.15
68.55517;16.35183
66.3936;12.8287
68.2805;14.13667
68.28316;14.26966
69.22405;17.96934
69.75333;19.10833
58.97408;5.74835
65.47;12.192
61.20983;6.558165
59.085;5.7915
57.138;2.041165
65.729;12.31633
62.886;6.9415
65.00517;11.62133
63.10516;7.5735
60.8;4.916665
68.0785;13.61767
61.60133;5.02333
66.70083;13.11191
60.05274;6.018105
58.85133;9.40813
59.75083;5.46733
69.551;18.7035
69.78172;30.12278
68;13.75
61.1562;7.335475
57.68833;6.38
70.55233;24.0375
66.24233;13.43517
67.49333;14.65
70.065;20.96017
67.764;14.75667
69.01833;16.486
59.96818;5.32744
60.05286;5.70619
61.8715;5.15883
68.66825;16.614
65.91316;12.026
61.11666;4.78333
69.67238;18.74578
58.05;7.35
59.06255;5.90843
67.95116;15.21433
63.46167;7.84833
64.76733;10.8045
68.68716;15.42333
61.87017;5.21833
45.42533;-74.68266
64.76908;10.91575
67.07017;14.059
62.874;8.485665
62.80666;6.501665
68.95633;17.41833
61.37;4.89833
66.35616;12.60533
58.07389;8.017695
67.0745;14.321
70.6215;29.702
60.78473;4.7105
68.671;15.91667
65.75366;12.55083
70.24633;23.395
60.803;4.79133
66.3765;12.93517
62.336;5.673831
63.21083;8.16083
63.79333;8.67433
58.4;5.96933
62.47066;6.153
58.32816;6.2595
60.45833;4.985
70.503;22.77016
66.83566;13.58167
60.09083;6.47533
66.38716;12.78433
59.02617;5.773
60.42017;10.40666
70.96166;25.43333
68.55333;16.44283
58.6208;8.9328
70.03883;20.796
59.725;5.741665
63.96898;8.886575
61.583;4.779
68.95923;16.25578
57.4665;11.30317
62.73471;7.15516
65.08675;11.74793
66.53083;12.9685
70.86446;29.113
62.35;5.816665
70.27367;21.80416
61.055;4.719
59.03333;5.78333
60.56916;5.224165
69.19666;17.99666
69.01717;16.551
59.24127;5.51395
62.10033;7.18435
69.61433;18.93666
62.91666;6.95
60.05466;5.51983
59.60234;5.75581
58.57733;5.136265
68.235;14.57366
62.0715;5.20383
71.00083;23.89683
66.6715;12.83483
30.64166;-87.93166
63.49667;9.438165
30.38333;-88.81933
62.4728;6.129165
68.2255;14.53678
68.91216;15.06567
60.69967;4.75633
69.64967;18.981
70.95866;25.44016
51.41983;3.573665
67.40833;13.89615
58.53315;5.229115
61.29916;7.31183
63.15166;7.95
49.678;-123.1762
65.7135;12.45916
11.60533;43.12583
59.16666;5.83333
63.085;7.46
69.77637;20.60443
59.3035;5.22233
66.36445;12.61765
60.08533;5.9695
66.89933;13.53716
61.62531;5.291975
59.97025;5.34174
66.371;12.555
61.73033;4.955
59.05933;5.90533
61.72833;4.83
70.23333;22.34
64.156;10.15583
61.60466;5.01778
68.87583;16.50133
70.99133;24.6895
69.325;16.13833
64.93166;11.46333
60.76667;5.725
60.79333;5.086665
65.98087;12.2754
65.426;12.15316
68.11916;13.5575
51.43633;3.607165
59.06166;10.96
60.22496;5.16708
59.23983;5.880165
59.1175;10.45417
59.15533;10.43616
63.69083;8.81683
70.702;30.095
68.99083;15.618
70.72417;23.80833
62.92333;8.1505
69.418;17.15783
62.88699;8.52602
60.34666;5.188
61.6055;5.05833
56.71371;10.38332
64.75056;11.39483
59.25666;11.03417
55.05666;10.62167
58.105;6.1
69.235;17.955
60.39666;6.71083
69.55717;18.7235
63.687;8.806
62.725;6.976665
69.6;17.81667
68.19167;15.505
70.98544;26.25958
66.5695;12.82433
64.856;11.23633
66.00148;12.30625
67.49011;12.05371
29.83833;-93.95167
59.49;10.60833
62.84467;6.778165
60.25033;5.235665
59.00766;11.02516
59.05933;5.90533
59.20066;5.824165
58.94917;5.445165
59.815;5.66
59.81783;5.2755
58.98333;5.72833
67.15983;13.75966
70.491;27.9725
62.95667;6.98533
6.35;10.81333
64.70683;11.142
78.77467;15.59133
21.54077;91.7565
58.99166;5.805
58.98933;11.13817
63.8765;9.1135
53.83667;9.33
78.22021;13.87617
60.26703;5.175105
59.14033;10.70916
64.74716;11.386
57.90033;9.421665
64.45216;11.50616
62.35817;6.9345
63.55578;8.3465
64.7675;11.504
64.13333;10.1
65.72632;12.47071
67.70966;13.43567
67.035;14.02166
66.225;12.91833
69.61667;17.89333
63.085;7.45833
65.9685;12.45732
61.85833;6.07433
61.59233;4.98383
60.12666;4.98333
69.23766;17.96749
71.00033;23.89617
67.13667;13.97833
69.19216;16.87317
70.855;29.08666
65.97666;12.275
51.64933;-9.5935
67.65;12.71625
68.93671;14.92587
64.25;10.3
65.91733;12.3705
61.375;5.02333
68.07632;13.17162
59.05033;9.7055
64.85667;11.275
66.36;12.36666
63.87;8.55
68.05733;13.535
64.855;11.235
66.69966;13.11
67.15166;14.00167
70.24167;23.39
63.28667;7.786665
62.96516;7.024665
63.65;8.761665
60.01833;5.275
61.60117;5.02383
55.16616;11.211
60.80571;4.79725
58.8805;5.46583
63.7995;8.681265
64.515;11.26317
68.31618;15.18511
61.90833;5.721
61.87;5.326665
71.00266;23.899
59.82;5.756
59.42366;5.2345
64.4745;10.706
62.66;6.685
61.59666;4.966665
59.09666;11.25833
67.05833;13.82833
61.10316;4.70333
62.83316;8.1305
66.74333;12.85666
65.2;12.24166
67.675;12.61833
63.85442;9.68735
67.65016;12.70983
67.90833;15.11833
70.78833;28.665
62.58333;6.238665
59.33516;5.305
65.47133;12.202
69.97;20.04333
67.06883;14.01833
70.33334;31.01667
64.97333;11.15833
61.71833;4.791665
59.30833;8.80833
66.075;12.58667
58.11666;8.016665
63.74133;8.519665
61.59333;4.94333
61.2215;4.967165
65.71333;12.455
68.42046;15.99435
70.973;25.9545
58.81631;9.43258
79.92166;32.16666
68.93833;16.67
65.98;12.15166
62.37;6.205
70.25333;23.26
59.88833;5.51983
70.86;29.125
65.93183;12.32432
59.11218;10.42183
71.07667;24.05667
68.12666;13.425
67.163;14.0625
67.6425;12.71667
70.92166;25.61833
63.11365;7.73663
68.225;14.57
59.90166;10.69333
61.108;5.27583
60.72;4.861665
71.05316;28.26666
64.48333;11.285
59.43666;5.08833
61.11666;5.216665
63.33167;7.552165
1.88645;106.976
58.04283;7.78333
70.95667;25.29217
61.285;4.816665
70.475;22.525
4.020665;9.6545
60.22667;5.16833
69.79276;20.96149
62.80833;6.54833
62.46;6.12
61.11;5.275
64.84333;10.80333
68.72166;15.48833
63.95;10.18417
68.36;15.00983
65.49333;12.225
65.4708;12.20464
58.9755;5.753165
65.46333;12.1145
66.50117;12.12433
67.35932;15.58482
69.21667;16.63333
56.45712;10.05585
70.98833;21.7
58.44167;5.986667
69.98167;14.94166
62.33663;5.74295
65.92017;12.1325
60.70833;4.853333
60.8;4.8
59.73167;5.706665
58.87067;9.5419
67.63167;12.74333
69.65166;18.16333
34.44833;133.7493
62.33;5.741665
65.99667;12.39167
66.0105;12.265
69.895;19.45333
66.1745;12.394
67.85318;14.78815
60.32;5.153333
2.848833;101.0047
69.62917;18.00183
65.935;12.38056
67.65334;12.72017
58.4275;5.986665
62.5;6.133332
63.72583;9.9885
60.93833;6.91
67.64833;12.725
70.03167;20.845
65.99834;12.26533
64.40166;10.44167
66.50833;13.3
61.223;4.983333
61.35;5.016667
69.23666;17.95667
60.78667;4.800665
60.2418;5.21983
62.33333;5.74
60.3285;5.15455
66.132;13.57533
56.68339;8.231249
52.46667;4.625
62.293;7.281
71.0845;24.11783
59.15333;5.423333
70.885;24.35333
58.98567;9.812
34.75667;119.545
68.63167;16.601
60.225;5.291667
63.535;7.79
65.75333;-14.82333
62.33333;5.728333
79.72;26.65
59.41167;5.255
62.32167;5.266667
68.48333;15.2
78.16666;15.08333
68.22;14.845
66.182;12.871
68.205;14.475
60.26667;5.275
70.93333;27.33333
78.84717;11.792
60.64333;4.82833
62.80933;6.538
59.425;5.22
66.36833;12.37167
59.75;5.458333
58.85;9.433333
58.91667;6
63.80243;8.696867
63.67;9.026667
60.22617;5.181167
43.54483;10.29266
59.88667;5.573333
66.15193;13.0741
58.03783;6.87383
63.09949;7.292745
63.14117;7.920166
59.16833;5.453333
59.85533;5.554665
58.4735;5.867667
68.074;13.70817
67.8345;14.77767
66.20333;12.96667
61.86666;5.233333
56.65167;12.84833
66.92416;13.474
69.23634;17.956
66.57946;12.98097
69.23717;17.97
58.47633;5.878
61.88667;5.166665
66.84;13.60833
54.64;20.02667
55.36267;13.1515
67.75833;14.5
62.2599;7.869983
68.825;16.6
70.94167;27.34167
58.83925;9.480917
67.65005;12.71875
61.6;5.033333
68.21;14.19666
53.88334;9.133333
67.825;14.72266
62.8;6.75
69.98666;18.48833
68.09417;13.20583
67.66333;12.70667
63.68333;9.666667
71.08617;24.7075
62.3091;5.574467
69.555;18.752
69.256;17.983
65.92683;12.43567
64.97667;11.59167
59.49333;5.2
63.82333;8.638
63.869;8.6605
62.37091;6.42025
65.6765;12.132
66.71667;13.20117
59.44;10.49833
69.33483;16.17183
64.90166;11.3395
68.64992;12.72192
63.58033;9.508333
61.17167;7.256166
58.87148;9.544
58.99425;11.03566
61.86666;5.216665
59.305;5.3345
58.36666;11.42667
58.81667;9.471665
58.86825;9.44135
63.85183;23.00383
62.77167;6.97
59.00599;10.52108
59.922;29.99133
63.24;8.133333
61.3385;5.042167
67.30367;14.72417
60.1425;5.424167
65.47066;12.20117
61.93;5.023334
61.15556;5.01835
60.14;5.078333
59.46667;5.218333
69.64167;17.99333
60.33833;5.191667
69.087;17.4155
59.07483;10.9675
69.63333;18
63.0605;7.6685
66.63116;13.21
68.33666;14.96167
60.55;5.236667
62.9095;6.893667
59.425;5.233333
60.47083;5.237333
62.34;5.625
66.57667;13.06167
59.85283;10.49183
63.13334;8.433333
70.12192;21.3105
59.15633;10.95667
69.65333;18.97383
62.9055;6.906833
60.12317;5.206167
60.47166;6.902
59.30213;4.757527
70.87334;25.50333
58.93333;11.09333
60.78683;11.06733
59.84067;10.63567
22.95186;70.24567
59.25267;5.4445
63.0755;7.7097
70.01633;18.603
64.52016;10.8955
65.225;11.0025
63.99866;9.177665
69.10433;15.97483
66.49342;12.10081
79.99184;18.27667
61.1195;5.02583
59.29667;8.728333
63.13667;8.436666
61.58533;4.982
68.31628;14.9893
64.599;11.45217
70.986;28.52167
63.45116;10.20216
68.97;15.87667
59.05733;9.690331
67.37334;15.575
59.2005;5.918
45.225;-74.25267
64.805;11.12167
69.75283;19.113
67.50484;12.0725
63.64417;8.858666
70.97666;24.55967
58.815;9.478332
68.81;15.43167
68.70533;15.41722
65.75341;12.24741
70.72283;29.45583
59.11167;5.471667
57.59133;9.955832
66.59167;12.90233
68.1575;14.6565
68.03667;15.28833
63.44;8.721666
30.12013;-91.02807
64.85567;10.599
64.7685;11.62333
61.77816;4.948665
59.60667;5.236166
68.62167;16.57117
53.67;8.386666
69.59167;17.82833
59.05367;9.643
60.13983;5.422667
63.66652;9.025717
59.04083;10.97283
59.04183;5.578667
66.25367;13.53367
64.60516;10.95333
63.65617;9.1255
-1.938167;121.505
66.02333;12.65333
24.40067;54.47417
68.9665;15.64017
66.565;12.81
71.08884;24.03267
59.62471;10.41216
59.47833;10.37667
61.117;5.690166
55.92617;11.8265
70.50166;22.74667
63.09038;7.548867
62.63717;6.2765
26.025;-97.23833
66.37528;12.37043
62.67483;7.453832
69.23648;17.95587
54.23667;10.995
69.35516;18.08867
63.06778;8.225734
63.1385;7.913667
69.23666;17.90667
66.83717;13.27
66.27167;12.41667
68.90617;14.99916
63.12333;7.781667
59.035;10.96667
68.06734;13.56667
61.94333;5.138333
61.26333;17.187
59.675;5.68
59.05333;5.423333
68.48663;15.21273
69.23598;17.96831
60.805;4.796667
63.62845;6.130233
62.46667;6.116667
66.8781;13.41257
61.615;5.063334
67.87334;12.96333
61.94316;5.137333
61.94783;5.1375
59.8415;10.5885
61.675;4.976666
70;19.75
65.48833;12.21
70.00833;21.83833
60.19167;4.966667
62.68483;7.466667
60.298;5.140833
63.86602;8.66055
61.49833;4.968333
68.2;14
66.05817;11.823
66.18333;12.35
67.227;14.66733
66.36667;12.56667
66.94472;13.43508
70.0465;18.63333
76.58833;15.65666
60.93833;4.783667
67.07954;14.43335
69.01334;15.07833
69.326;16.14483
59.89033;10.63733
58.94667;6.124
67.98333;14.83333
59.93333;5.483333
60.8145;5.802
63.625;9.4885
70.97667;26.01667
64.5565;11.4945
62.465;6.123333
61.58585;4.9638
58.85;9.433333
58.97348;5.74555
51.91667;4.233333
56.51833;-5.36
68.12033;13.83967
69.16666;17.75
61.11666;5.333333
58.84333;9.561666
59.90717;10.70933
59.13617;10.97
60.48917;5.403332
59.88183;10.67233
59.27116;4.834832
59.88183;10.67233
69.84333;18.59333
56.62333;-6.003332
66.62833;13.05117
68.8215;16.62567
61.76833;4.9005
66.32348;13.01927
65.705;12.46283
69.32667;16.14
63.6455;9.465333
67.82488;14.74625
54.35583;10.05367
65.36166;12.00383
62.43333;6.233333
62.695;7.098333
70.54;23.6845
66.36916;12.371
69.2358;17.95995
60.44167;5.611665
30.01767;47.95317
59.3045;5.300333
68.42;15.99467
65.48167;12.16517
68.23067;14.76933
66.325;12.6645
63.78667;8.856667
62.46833;6.121333
60.17767;5.093167
63.10323;7.796633
67.68166;15.41667
68.57188;16.52782
55.70783;12.658
61.20015;4.7905
65.921;12.37167
70.63333;21.93333
59.96667;5.35
68.089;13.19267
62.465;6.124333
68.73867;14.5275
58.0845;8.024667
60.1265;5.391667
61.58333;4.966667
51.02167;1.620667
62.03167;5
63.12833;7.783333
57.96183;7.201
59.34;5.311666
59.43;10
69.235;17.955
69.30167;17.25167
65.895;12.18167
61.80667;4.884167
65.845;12.59
71.10332;25.37892
61.33517;5.053333
59.05467;9.6695
67.134;13.97583
68.521;15.25027
66.38433;12.34383
66.24834;13.355
60.017;5.997667
62.20617;5.57
67.64833;12.72217
58.31503;8.604033
22.5525;120.3027
70.63167;21.9375
59.733;5.697166
63.145;7.915
68.985;15.84167
61.04917;6.313334
63.55;9.833333
59.2235;5.460832
-34.25247;-58.0577
58.81;5.543334
62.52415;6.207467
59.2525;5.538167
60.22283;5.291
58.96717;9.71245
60.835;4.275
60.142;5.426333
60.765;4.986667
59.8775;10.66717
59.66333;10.605
62.2055;5.438433
66.73833;13.47333
79.73;10.985
60.065;5.92
61.75467;5.129332
68.55558;16.3277
67.77834;14.51
58.86217;9.443
66.555;13.02333
58.93333;5.566665
64.83334;10.67833
65.209;12.04217
70.98167;26.73667
60.226;5.3425
60.76667;5.729167
26.54;119.8017
60.895;4.703333
71;25.2
66.84087;13.5685
74.345;19.09167
59.59333;25.105
62.19584;5.7475
59.58233;10.61567
60.18933;5.325
59.53917;5.224
62.40828;6.323132
59.25834;5.541667
61.08933;7.034333
60.25017;5.151333
60.5095;5.232333
58.90367;6.073
62;5.154
60.74833;4.8955
65.77634;11.63433
59.36983;5.294
10.3285;107.0592
69.95267;23.16967
70.33466;20.8
10.54867;106.9703
61.61867;5.0395
63.99833;9.177665
61.94783;5.137333
69.63383;18.00017
71.08067;24.16117
59.13383;9.6335
61.60167;5.031667
62.33417;5.738333
59.415;5.236667
61.86733;5.217834
67.9175;14.91717
62.2515;5.467333
59.2705;11.09467
62.3335;5.734167
68.13866;13.039
62.31816;5.734167
69.23566;17.95233
60.86767;4.634167
67.431;15.5175
60.08477;6.092367
61.58417;5.004167
58.61683;5.517
68.218;14.767
68.70133;14.41483
61.90033;4.667167
67.653;12.71483
63.44433;10.4095
68.996;16.30116
67.77567;12.76467
59.05167;9.689167
69.65383;17.72483
62.31717;5.7335
64.1505;10.13467
62.179;5.381166
67.37283;14.20517
62.34117;5.638
67.22234;14.64567
60.58783;5.220833
69.23466;17.951
57.84767;5.758
69.352;19.36767
66.00017;12.267
64.99033;11.603
62.80033;6.52583
59.72283;10.57783
65.637;12.15
57.6865;11.67833
59.4205;5.2285
67.63333;12.71667
66.439;12.917
59.41183;10.489
59.14717;10.94517
59.0465;10.968
66.46667;12.1
45.13333;-8.8
63.56433;9.887667
0.07533333;51.096
68.231;14.769
67.66683;14.51667
68.22483;14.76883
63.09;7.95
60.88717;4.974
61.1845;5.017167
59.664;10.60717
59.40167;5.1705
63.88334;9.816667
58.93;5.575
70.306;21.38967
59.14767;10.94633
63.84333;8.613334
59.228;5.93033
63.795;9.423333
79.5935;18.41833
62.4;5.566667
59.225;5.46
58.92667;5.575
59.8005;5.251
70.66734;29.78483
62.52167;6.137333
62.445;6.188667
-6.893167;112.7337
64.4;10.41717
59.2;10.95
59.87333;10.59
58.28433;6.652667
58.86767;9.388333
62.81183;8.279
59.213;5.499333
58.23767;8.373834
62.21517;5.4765
62.51667;6.083333
63.23383;7.772165
64.4005;10.42733
66.3845;12.55083
63.08333;7.766667
70.903;23.34317
63.18833;7.85
69.96567;19.63
60.97467;4.840333
59.66333;5.378334
64.48717;10.7495
69.90633;20.16733
60.18333;-1.116667
69.39964;18.58834
57.50967;-5.9815
67.152;13.74317
78.33466;12.8235
67.4885;14.64433
8.509334;62.538
68.218;14.76683
62.5105;6.15
70.006;21.0695
58.2845;6.261667
61.5065;5.013333
58.30083;6.283667
59.37067;5.293334
69.4675;18.224
67.06533;12.071
68.231;14.7685
68.13467;14.15567
61.87333;5.2275
59.80917;5.744333
59.13333;10.925
55.03633;9.4355
59.00834;9.772667
60.08483;5.362665
60.425;5.05
62.31967;5.730166
63.1035;7.7135
66.51667;12.20083
69.02467;16.538
66.73933;13.50683
68.66883;16.63617
59.84;10.7
61.97267;5.145
62.33484;5.74
67.5;14.6725
70.92216;25.52567
39.90833;-75.13
56.51833;5.753334
61.92833;5.126667
74.36816;18.93483
59.332;10.50467
68.56966;16.52833
66.58583;13.037
67.65;12.71967
59.4455;10.48767
61.8635;5.254667
59.97567;5.323667
61.03983;4.741667
59.26667;10.41667
67.81817;14.76733
59.41667;5.237333
67.3855;14.17217
69.2365;17.956
64.54134;10.74233
69.68784;18.72067
61.867;5.268667
67.64283;12.71867
59.8865;5.572166
60.415;5.006667
62.33333;5.736333
66.8165;13.276
65.93433;12.32167
57.59833;9.956667
68.32467;14.75417
66.93684;13.4
66.53433;12.99033
59.27;11.09667
58.081;6.9345
68.22366;14.78367
1.005833;-49.67083
70.98333;25.95
70.90017;23.35
65.71867;11.906
60.27333;5.226666
60.87333;4.766667
59.255;5.425
31.79217;120.9655
69.507;17.9095
59.60833;10.43167
59.7025;10.5825
59.9;10.71667
56.04617;14.79483
66.60567;13.22217
66.18933;12.38333
68.464;15.203
69.664;19.8005
68.58383;14.83367
30.06733;-90.90067
70.905;24.53333
59.00834;5.733333
60.22;5.293334
59.2;10.95
68.36667;15.02267
58.95083;5.767667
68.21967;14.7215
70.50134;22.12117
51.44;3.806667
68.789;14.826
58.0005;7.484833
62.3235;5.844332
71.10083;24.0625
57.1675;-5.912833
59.00683;11.00617
67.84;14.7725
59.99083;5.366667
68.2255;14.76767
69.78384;19.05133
61.3;4.8
55.86666;12.813
61.5;5
56.0415;10.93467
-62.995;-60.555
63.03467;7.283667
63.53333;9.818
60.75033;4.70583
51.62083;-9.924167
61.03883;4.7875
62.47152;6.125462
58.025;7.335
59.71717;5.584667
58.75667;-3.051333
59.81816;5.717167
59.11666;5.8
56.669;-5.891833
70.95016;27.33067
58.93;5.541667
63.501;7.982833
63.508;10.142
59.3285;5.306334
59.31833;5.321667
61.6145;5.0625
56.51683;-5.750333
68.28833;15.59033
62.37133;5.741333
69.03367;16.93417
61.57833;5.007833
63.18967;7.931833
68.237;14.58433
62.91083;6.881667
67.259;14.259
59.665;10.61167
62.36666;6.033333
-37.83333;144.9667
62.52417;5.933667
59.43133;5.2225
65.97066;12.89033
65.88633;13.154
59.43333;6.173332
69.06866;15.17267
58.23583;6.499667
56.03333;10.868
68.27983;14.815
59.87083;10.625
63.43967;10.3995
61.61517;4.829333
60.78617;4.71
59.81717;10.60133
5.625;0.008333334
59.31667;5.317333
51.34867;3.8155
59.72217;9.857667
59.9335;5.729667
69.82166;19.0195
26.12667;-80.085
62.2175;5.8845
60.42783;6.620167
59.9905;5.2415
69.53217;17.9115
59.00633;6.023667
69.81783;18.65133
62.41733;5.916667
67.418;11.823
67.45834;11.95
59.05083;9.65
59.41817;5.2175
67.65;12.71917
67.50484;12.009
59.05467;9.651667
62.47133;6.125
65.71067;11.9185
67.64967;12.72367
68.07217;13.1265
67.793;14.64033
63.3005;7.6675
62.4;6.316667
65.00333;11.03283
63.40017;7.750167
67.78633;14.51667
59.045;10.96733
68.98333;15.256
60.94;4.753334
54.73483;10.98333
62.36717;6.3675
62.601;6.450167
69.32217;16.1525
58.034;6.952167
63.08484;7.455333
62.33517;5.74
60.09667;5.183333
68.07333;13.66667
4.766667;7
59.49;10.38167
61.11467;5.0645
59.08833;11.225
62.59333;6.261667
52.56083;1.808333
65.88983;12.1755
60.05;5.708333
59.01767;5.767833
59.48466;10.38333
64.794;10.7085
61.31;5.026667
65.2075;12.76767
63.5945;9.525833
60.31667;5.3
62.70833;6.423333
61.5;5.717832
66.36967;12.88333
53.34367;-6.125834
60.26417;5.169167
79.31667;18.86666
66.23333;13.65167
58.99217;5.814333
59.135;10.97367
59.91167;5.706666
68.586;14.853
60.90816;4.959333
68.54;16.185
59.83333;5.716667
60.26683;5.201334
70.235;22.36167
59.31717;13.14833
60.48417;4.9225
62.17767;5.363333
59.31767;5.318666
64.03333;10.01667
67.29134;14.37467
68.22517;14.769
63.92333;7.885
58.11783;6.850167
67.8875;13.03667
59.01717;11.05067
65.85616;12.17567
62.201;5.4955
61.20016;4.783834
61.77117;5.289166
59.9715;5.3545
63.72717;9.521167
64.96833;11.59833
49.46333;0.9348333
67.99117;13.20483
59.13334;6.069667
61.11666;5.566667
66.83434;13.27267
69.30067;16.12467
67.373;14.20683
64.594;-10.91683
57.28833;10.77
59.965;5.375
59.59167;10.61667
59.33517;5.313833
59.20083;10.5555
60.2175;5.334833
69.99167;16.37
59.81283;5.656365
60.14083;5.386667
68.57217;16.538
62.33433;5.589334
68.804;17.13833
67.83434;14.775
60.88583;4.751833
66.17467;12.3675
65.46767;12.19133
60.33366;5.18333
63.05;7.166667
58.24;6.666667
70.63517;21.92167
60.38367;4.967
62.2005;5.050665
65.908;12.16767
68.55083;16.44317
70.25;30.91667
65.86667;12.55
61.9;5.383333
65.955;12.903
70.215;18.61
40.63433;-8.751166
68.46867;16.122
67.75967;15.71867
1.1875;103.868
66.022;12.63617
71.05666;24.83667
70.54166;23.16667
61.83;5.293332
65.47366;12.45833
61.634;4.984167
59.50067;5.1845
58.86666;9.416667
58.918;5.534
79.58;10.58
66.23383;12.8565
65.81866;12.43667
64.6015;10.91033
79.57267;10.9065
68.4855;15.21667
58.76667;5.5
60.36783;5.167
65.53633;12.13383
45.33183;-1.924833
61.835;4.986
62.33333;5.75
62.874;6.979167
64.44417;10.537
57.58333;9.983334
66.586;13.0405
66.17467;12.3675
62.33484;5.740667
67.152;15.46917
65.52333;12.07367
67.6425;12.72083
64.15;10.08483
58.01667;6.966833
66.57417;12.20617
62.80033;6.751333
58.4925;-5.786667
62.80033;6.751333
66.2925;12.49233
65.909;12.02167
69.78333;19.055
61.034;4.7375
59.832;5.568666
69.34133;16.18433
55.60966;12.691
59.05;10.03333
67.92133;14.76733
-33.21967;-58.4035
55.05;10.60117
66.81834;13.28533
68.22417;14.623
67.8505;14.802
70.82584;24.0845
67.64233;12.72367
16.187;-61.52533
68.33033;14.29517
67.31917;13.551
59.23933;5.422667
59.4;4.983333
68.552;16.44617
69.55083;18.70117
62.7175;7.133667
60.39333;5.221667
58.09133;6.934
34.71333;-76.707
59.8555;10.50483
68.04317;13.48917
58.97667;10.14333
66.05117;12.89183
61.4895;4.895333
60.32267;16.14233
61.13467;5.718
63.8775;9.764167
43.54917;10.29283
68.91666;17.28333
59.90133;5.518
70.53667;30.6375
69.55833;18.725
70.25833;19.88667
70.25833;21.30833
68.32616;15.73733
59.06833;10.855
69.3425;17.52833
69.29;17.955
60.9005;4.950833
63.867;8.567
69.32616;16.15667
68.58334;16.58333
60.81667;4.75
61.37183;4.895167
62.33367;5.750167
67.6505;12.71967
68.57166;16.52333
67.759;14.71967
58.25683;6.6575
67.38333;14.456
71.09;24.09833
55.84167;10.03667
69.54617;17.65383
71.08167;25.99167
70.79833;23.50667
66.758;13.251
61.08333;5.171667
68.41866;15.99083
69.59734;17.995
56.2;12.53333
59.13334;11.41667
68.88167;16.51333
66.22417;13.33533
68.55067;16.48
64.93417;11.45033
68.01666;15.33833
66.50217;12.10317
63.791;8.822
69.91666;29.78333
68.56084;16.52333
68.736;14.51767
67.76967;14.501
68.22383;14.78516
68.6725;16.63833
66.201;13.02
63.76767;8.817
65.91866;12.125
68.47066;15.286
58.00333;7.456666
59.025;10.27
67.48783;12.05367
69.75166;19.11667
69.756;18.209
67.89667;13.0375
66.71767;13.485
68.5545;15.02
58.08617;8.017667
59.00067;5.5475
69.02067;15.13583
68.18633;12.43933
69.88167;18.76167
61.9015;5.1175
55.89667;10.94
58.96033;10.125
68.6065;14.40967
58.05067;8.110833
56.63317;-6.007667
70.975;26.01667
58.93;5.54
59.617;5.25
59.68833;10.605
70.9155;23.71883
69.34267;17.018
69.64667;18.98167
68.235;16.074
67.16817;13.77367
66.2085;12.98533
66.37167;12.407
67.08783;14.05333
68.974;15.7065
69.55666;18.735
68.48634;15.2075
51.506;0.8298333
69.67167;19.68
66.48617;12.975
68.5065;16.12567
70.21167;18.62567
69.83833;18.66667
65.45567;12.18567
70.02;19.90833
69.1785;15.38333
66.38917;12.8
70.64384;21.92517
64.65;11.01667
68.67284;16.6415
65.47266;12.207
65.40366;11.95833
69.53667;17.68333
69.87434;18.48033
68.23583;14.58933
66.33683;12.972
64.0285;9.934
59.9;10.71667
60.758;11.48533
65.91666;12.36867
45.33467;-70.28484
57.81083;-8.568334
-36.015;-56.05333
57.762;19.08717
58.877;5.433167
67.12366;14.04083
68.285;15.23383
58.017;7.459667
66.504;1.108
61.26667;4.633333
70.3795;31.14683
68.55367;16.32433
62.505;6.135334
63.86767;9.7345
55.94667;12.76333
21.857;113.2338
58.50667;5.785
58.98;9.75833
59.2;10.95
59.81717;5.6675
59.28333;11.11667
63.6;9.234834
70.57867;23.0795
-19.88833;34.85
70.05333;20.33666
59.97;5.366667
70.35767;21.79633
69.85167;19.70333
70.23333;19.49833
65.58466;12.3015
64.5225;11.49417
59.25033;5.352833
70.38667;31.04667
70.78733;23.5
51.995;4.048333
69.55;18.70667
69.0075;15.07167
67.4855;12.23483
60.16667;24.95
68.56033;16.52167
69.36166;17.03667
68.65334;14.45
71.02;27.41667
61.77667;4.903333
66.08334;12.58333
70.05167;20.80333
63.92167;9.885333
69.3775;18.08833
67.257;14.2255
33.83333;-78.05
62.2;5.5
65.874;12.01667
69.10133;15.25133
60.26667;5.171667
66.8425;13.30833
70.99167;24.77
70.018;20.85167
64.92367;11.251
70.7085;30.01667
70.936;24.773
68.8985;16.6465
59.54335;5.22452
68.22533;14.77333
64.99233;11.58333
70.77834;26.17333
60.33333;5.166667
65.92233;12.956
69.51583;17.47
68.9555;14.99233
65.47517;12.209
65.8555;11.7565
70.48333;22.43333
70.48;22.17333
69.325;19.76667
66.55;13.1
68.22334;14.6025
67.834;14.77467
69.97166;19.87833
70.75;23.41667
62.89217;5.844333
70.69334;29.80417
71.16683;25.75667
59.772;10.55017
71;24.975
67.859;14.805
69.46667;20.33333
70.91666;27.11667
65.79317;12.52167
59.91667;10.25
60.33033;5.158333
71.13333;35.85
62.3075;5.519166
69.8835;20.095
70.96833;27.55333
67.83733;14.78533
67.87;12.954
59.085;10.975
59.95083;5.983667
68.56717;16.525
64.4;10.418
70.87167;27.46667
68.155;4.25
69.003;15.1915
69.58334;24.11667
61.98333;5.151
71.05583;25.91733
65.59133;11.73633
69.293;16.96067
38.5;-8.916667
59.06217;10.47
63.7;9.733334
60.1175;5.201167
65.67083;12.14167
51.33333;3.2
68.31866;13.73967
70.345;22.85
68.157;14.65
62.59583;6.26
69.78367;29.07167
27.992;34.48717
61.91784;5.1175
67.504;12.07167
69.585;17.86667
55.6335;12.9005
61.617;4.951334
68.57333;16.52833
70.62833;23.4
70.96;25.83333
63.26667;8.066667
70.31667;20.15
17.9905;-63.05617
67.403;1.986333
66.72583;12.4765
68.55833;16.52417
59.13334;10.88333
61.71817;4.9505
70.125;19.99083
70.694;23.61467
65.45533;12.17583
60.40917;5.242833
70.03333;18.567
68.96767;16.62833
67.83434;14.77467
60.85133;4.818
60.08467;5.016667
65.908;12.02267
62.38334;5.616667
70.8;23.5
67.74117;14.73633
61.36666;4.9005
69.58117;17.8845
69.8;20.951
78.23333;14.08333
63.5;9.95
69.98333;24.78333
59.28333;11.11667
55.37667;13.035
70.82333;28.7015
77.47667;16.15667
63.85;9.65
29.925;32.55033
70.63583;29.8
68.84116;16.60267
60.95083;6.967167
78.95;11.91667
71.11667;25.33833
71.64066;27.8075
62.301;5.618
66.53633;12.13533
58.46333;5.906667
27.95;-82.46667
21.63333;69.60167
66.36867;12.62467
55.6675;12.66717
59.46667;6.25
70.27966;30.9925
70.08;19.525
69.29166;17.95333
70.38667;21.70167
56.63334;10.66667
60.81767;4.784667
67.50733;11.97567
70.24917;21.79417
65.671;12.14167
62.03333;5.383333
63.507;7.975667
63.05;7.383333
68.8;17.21667
62.20067;5.4875
63.15667;7.956666
64.9185;11.3845
61.46717;5.033333
68.28933;14.854
68.55;16.45833
61.58484;4.966667
68.87133;14.97067
65.21767;13.88533
61.501;5
69.23367;17.96
70.2675;30.99667
66.13333;12.4
67.08533;14.43333
66.73333;13.27167
41.11666;29.05
68.66634;15.93233
67.65533;12.70667
69.23333;17.955
70.38333;31.16667
59.61666;10.63333
67.385;14.48333
70.73333;29.65
69.0225;16.525
59.2;10.95
69.49667;17.495
78.08334;13
65.88333;12.32167
68.256;16.05667
67.51933;14.5065
68.95333;16.25333
60.455;6.517
61.61666;4.967167
67.3875;14.23983
68.94583;16.33667
59.617;19.634
69.98333;21.05
59.04167;10.97083
63.01667;7.353
61.95;5.141667
70.81667;23.43333
71.07166;23.99833
55.67583;12.67467
59.85333;10.51717
70.555;23.7
65.955;11.5
72.86667;28.45
65.47034;12.20233
70.368;31.15583
67.4515;11.91767
65.64;12.18417
79.984;18.26217
70.7;23.61667
60.3675;4.884167
51.34917;3.854833
71.06;27.85
71.04166;27.85
63.87667;9.765
70.38167;22.56667
70.23333;20.68667
66.83483;13.28333
59.65167;5.751167
65.47467;12.209
70.03333;20.98333
66.30334;12.51667
70.86166;29.11667
64.88667;11.30333
70.66333;23.68333
64.85167;10.797
69.56333;18.82833
63.90417;9.918667
62.61666;6.217167
68.2345;14.659
60.36917;6.350667
63.16717;5.5505
68.55717;16.32833
69.551;18.75217
70.95834;25.45
57.202;10.8
69.58334;17.86667
59.93667;5.186666
68.97533;15.78433
71.08167;25.98167
68.95667;16.63583
70.52666;22.66667
69.3235;16.13433
69.98833;19.73933
70.78;23.485
59.11666;9.633333
64.13583;14.03383
70.15916;20.16333
62.81967;6.709
63.905;9.853333
70.01683;18.65033
71.10917;25.33333
69.91666;22.35
69.33383;16.105
67.85167;14.78733
70.94833;27.33
70.90166;27.23167
69.235;17.96
58.93333;11.08833
69.5;18.03333
67.81767;14.6365
51.44333;3.561667
58.08333;10.83333
58.00583;7.5485
67.419;14.00133
70.85117;29.13333
65.452;12.16833
60.31783;5.151166
68.52067;15.20933
62.31917;5.7075
70.23333;22.35833
63.49667;9.105
36.78367;10.33433
64.755;10.98833
69.60017;18.28383
70.87833;28.845
68.551;12.44667
60.0015;5.200667
61.61767;4.967667
65.822;12.45083
70.86;29.1
70.68;30.19167
62.3905;6.058
69.785;19.73333
68.62666;16.57667
64.25333;10.23333
24.7675;66.98333
67.77433;14.506
70.96667;27.23333
65.69267;12.60167
59.085;9.643333
70.38667;31.1
59.83333;10.5
59.8835;10.7005
78.235;15.70333
79.58833;12.63417
78.06667;13.66667
78.63383;16.397
67.42567;14.006
69.45834;18.08333
79.75117;26.58333
71.05;27.67583
64.46667;10.61667
59.8715;10.62167
59.1;10.96667
69.49167;17.23333
70.1;19.96717
64.955;11.5
34.36666;133.8667
9.017667;-79.61784
71.12917;27.63
70.62867;30.33467
69.16;17.80883
51.39667;2.716667
70.92416;23.91667
67.73666;12.67167
59.11666;9.633333
69.75;19.11667
68.18367;14.66867
70.69334;29.80833
68.09133;13.2045
61.58484;4.966667
37.145;15.24833
69.50367;18.02667
69.567;18.78333
56.5;-5.433333
66.805;12.77167
56.70067;-2.434
71.08833;24.17333
65.70734;11.908
68.21867;14.53733
56.7675;7.617167
67.09267;13.99283
68.57166;16.53667
68.408;17.852
62.53917;6.132
65.81767;12.35
65.88333;12.352
68.23534;14.58783
68.15266;14.25533
67.93333;14.93333
71.13333;27.65833
68.401;16.07267
68.92267;15.03517
68.96667;14.959
64.95;11.50667
64.32667;10.34
62.72;7.188334
70.73;23.82667
63.92833;9.881667
46.27117;-123.4868
70.31667;21.455
55.54667;10.92833
65.474;12.058
68.37383;15.938
68.18733;15.85
68.15466;15.47333
58.80333;5.506667
18.53333;-66.17167
30.15167;-88.05666
63.91;9.855
57.73333;16.28333
65.07166;11.79333
62.875;9.725
65.47417;12.204
61.15017;5.717667
61.13417;4.75
68.97334;15.752
70.76033;23.09033
62.45167;6.728333
68.18667;15.76667
66.34167;12.91833
63.41667;8.718333
-35.17233;-56.7065
68.2075;16.108
70.00633;24.5555
55.40083;12.30133
66.54234;12.20217
69.18833;18.05667
59.25;10.48833
68.53433;16.425
70.64;29.75
61.08333;4.684667
63.90333;9.938334
68.2695;15.2
62.29083;7.283333
68.78833;16.53833
70.35;21.46667
29.75;-95.33334
63.08583;7.460834
53.86217;8.975667
59.8675;10.59917
24.61683;67.0945
70.225;23.38833
9.508;-13.72783
59.90083;5.5335
59.96799;5.30083
69.6;17.84333
68.92167;15.01867
65.80067;12.5005
67.83383;14.77067
11.04133;-71.58833
65.70634;11.92217
70.92333;24.45167
6.429333;3.406333
61.58467;4.950667
12.48;-87.20533
63.18166;7.91833
-36.707;-72.98333
69.553;18.744
68.802;14.81967
68.553;16.32467
59.00233;11.02517
65.4675;12.18967
69.97667;19.67167
65.82533;12.47117
10.215;-62.63
70.91;25.54333
68.31866;13.2575
69.75166;19.12167
68.10567;13.235
17.72333;-64.895
65.46933;12.19283
59.43167;5.207334
65.46667;12.18967
62.355;5.61
68.65166;16.625
62.2025;5.48
61.41667;4.983333
66.50816;12.1015
68.91917;15.01967
62.64;6.371666
61.4505;4.9
-0.05083333;-51.08484
68.94234;14.93533
70.245;19.50833
63.5925;9.425834
54.74434;10.73517
61.6;5.066667
69.68667;18.71667
60.1;6.116667
71.1;24.85833
64.15;10.09833
67.468;12.2
69.605;17.125
66.60667;13.09167
64.91833;11.395
62.83;7.046667
79.88834;17.60167
65.42633;12.15617
30.38667;-81.55167
62.62833;6.12
59.88833;5.566667
9.305;-79.91833
55.25;14.83833
68.47;15.13633
60.28333;5.183333
66.705;13.25167
67.17017;13.75333
49.15833;-2.133333
61.36717;4.9
70.16683;20.83
65.47066;12.2025
70.875;25.74667
66.21767;13.58333
62.18733;5.057333
69.49333;17.49667
-3.058332;-60.45
65.5005;12.205
67.82283;14.75217
65.48483;12.21817
63.65333;8.78
62.72066;7.1
79.95;17.98167
67.99067;15.28533
61.36717;4.9
67.625;12.702
68.57166;16.54
66.01767;12.201
68.55933;16.32217
65.47266;12.2025
67.67467;14.707
69.87167;18.89
78.28333;15.55
63.877;9.764667
71.03333;24.16667
29.95833;-90.29916
69.551;18.68367
46.00233;-73.17167
59.85167;10.54
70.38;31.15
70.795;24.56167
59.11666;9.633333
53.96684;8.6345
65.41917;11.857
70.19334;22.15667
63.67833;9.485
59.86717;10.65133
70.63333;29.80333
63.65;9.75
62.877;9.763333
62.34333;5.741667
70.62833;29.75333
76.98167;16.315
26.52;-78.77116
70.84167;24.67
58.8725;9.4235
62.66417;6.694167
65.49233;12.226
68.77467;15.455
4.294167;7.051167
70.71;30.02917
66.58334;12.2015
70.97;25.92333
65.92567;12.06967
70.94833;27.33
62.33333;5.583333
63.62167;9.735
59.26667;10.41667
70.06834;21.245
62.72;7.188334
74.45517;18.78133
66.38934;12.83533
69.10833;20.12833
69.467;18.1625
70.97066;24.76183
60.41433;-1.1485
68.41666;17.88833
59.04083;10.97333
62.32333;5.661667
31.30333;32.35667
60.57167;4.8
37.00834;27.41667
69.545;18.74333
69.49633;17.49767
69.235;17.96167
68.57333;16.525
64.06667;9.814167
63.85333;8.455
68.90967;15.056
63.08633;7.461
70.57166;23.35167
70.15;20.85
64.4075;10.42
-21.46833;115.025
51.36333;4.217167
68.0845;13.456
70.66417;23.68333
59.96667;5.216667
64.35717;10.37833
62.35667;5.613333
62.23617;5.968333
70.975;26.11167
70.495;22.605
60.81333;4.986667
69.09084;15.1575
58.44667;5.095
61.595;4.97
70.98833;24.62
69.44666;17.17
64.92;10.395
61.92916;5.126667
68.22567;14.64
-32.46333;-58.20833
69.23734;17.95683
55.575;12.68333
29.18917;-89.26517
65.404;11.959
66;12.36667
65.4705;12.20167
68.93;16.63333
68.15;15.40367
69.50166;17.93167
68.40533;15.86667
67.45;14.39033
70.85833;29.10833
67.22166;14.70733
33.965;132.5733
4.3245;7.080333
67.9345;13.118
71.13167;27.66
51.43333;3.458333
65.19;11.88733
69.55;18.754
68.77;16.61667
62.95267;7.871666
62.804;6.5085
64.1625;10.135
68.225;14.77367
65.47066;12.20467
59.169;10.35733
59.00917;9.7775
59.13334;10.93333
68.258;16.04133
71.01667;23.90333
58.92667;5.985833
68.236;14.587
62.17833;5.366667
62.32167;5.735
70.0675;29.7015
66.41666;12.47167
59.44;10.66083
61.001;4.917167
70.54166;22.93333
71.08383;24.08367
63.23;8.239166
70.65;29.78667
70.21917;21.18467
63.3105;5.633333
65.93417;12.32417
59.2505;5.151
11.0405;-71.588
59.14167;10.975
68.49167;14.803
37.875;23.45
63.47333;10.8
70.61716;29.71783
59.135;10.92917
68.57333;16.52833
70.06;29.90917
17.89167;-102.1667
69.74667;19.09167
69.65833;18.86667
68.15667;14.65
8.35;-62.68333
59.85;10.64583
70.345;21.451
71.1225;27.63283
60.33367;5.183667
64.59666;11.05
42.15;41.65
59.44;10.66083
59.34;5.958333
65.48483;12.158
8.35;-62.71667
62.495;6.123333
60.17167;6.405
68.15733;15.78567
60.81733;4.784833
37.86167;27.25667
66.57467;13.02333
59.13167;10.925
67.7865;14.51867
71.03333;24.71767
65.95766;12.30133
63.89034;9.759
68.78416;16.55033
60;-1
61.65333;4.968333
66.03333;12.51833
62.41333;5.82
68.584;16.28433
67.13483;13.987
70.70084;23.96667
66.402;12.86667
30.205;32.565
65.80067;12.607
63.87417;9.76
34.92267;38.68333
59.32833;10.5125
59.8925;5.214167
59.48667;6.205
66.201;13.01767
62.08333;-5.166667
63.768;9.776667
64.13683;10.085
58.03333;5.600665
58.525;5.7
1.1875;103.8808
64.85217;10.22666
57.97667;7.5
60.85117;4.8005
61.17;4.73
53.0095;0.364
59.90283;10.707
53.704;-0.8196667
65.40366;11.958
59.3675;5.258333
69.32066;16.06767
59.22917;5.876667
66.20467;12.97467
59.4525;16.32583
70.61784;21.93433
58.315;8.6125
59.09583;11.27917
59.10333;10.98167
61.30067;5.017
70.11816;18.75117
69.05033;16.655
40.65;-74.09167
61.98417;5.25
70.03367;21.08333
70.5015;23.08483
63.87833;9.738334
48.63334;-2.033333
63.1095;8.091666
61.93433;5.133833
58.05117;6.7525
68.25083;16.06733
59.33917;5.314167
69.35167;18.1
60.57067;5.225667
61.19333;4.8
65.51767;12.23883
67.12566;14.0345
59.75;5.467333
61.91667;5.866667
69.104;15.25733
70.66167;23.68333
63.70333;9.515
70.72833;22.86833
68.18333;14.67167
69.9675;28.7
62.865;6.715
62.43;6.933333
70.58483;29.7575
67.725;14.708
59.03417;10.9675
59.98833;5.368667
59.43333;5.233333
70.9345;27.31667
-32.4775;-58.21733
1.2845;104.3845
68.86784;17.01667
9.991667;-83.01667
43.33333;-8.383333
63.14583;8.558333
59.77667;5.541667
70.118;20.001
60.415;5.001
29.99783;-90.44283
69.7175;30.10083
62.58333;8.15
64.13333;11.75
63.08667;7.461667
51.23983;4.3965
58.36917;8.755
61.86733;5.201334
64.98333;11.59667
69.56817;17.83367
58.96833;5.788333
65.18833;12.10133
62.33833;5.823333
59.17167;10.4
63.21083;8.160833
69.68367;18.16783
63.61333;9.576667
58.96667;5.733333
63.09333;8.001166
64.96;11.5
68.817;16.53367
64.93667;11.47
60.28333;6.2
58.95667;10.02167
69.77583;18.30017
63.70417;9.515833
65.4045;11.957
66.006;12.37467
69.75066;18.11667
69.55016;18.71717
59.44;10.66083
58.96;9.823334
59.85483;10.5175
33.93333;132.6083
59.31;5.210834
65.43684;12.155
29.75;-95.33334
61.08333;6.493333
67.38633;13.808
61.4;4.65
63.85333;9.673333
58.2;6.65
70.93367;25.4845
61.4;4.8
70.268;30.98433
69.63383;18.9675
66.842;13.33833
59.44533;10.48583
59.408;5.241333
68.93467;14.9255
69.63416;18.9675
60.16667;5.108333
62.355;5.606667
9.463333;-71.07667
59.00834;9.772
59.13417;10.93333
66.04234;12.77067
65.46917;12.201
62.335;5.758
69.11667;17.95083
68.96983;15.701
58.81667;9.483334
65.358;12.101
63.08283;7.426167
58.9895;5.74
69.8175;18.78333
70.28533;22.1625
63.08167;7.416667
67.38934;14.453
67.81866;14.736
57.98633;7.024667
61.9225;5.113
58.90167;8.433333
59.624;10.41833
68.61667;15.49167
61.54167;4.913332
69.55833;18.71667
62.465;6.196667
63.12583;7.789667
62.49;6.17
62.16667;5.4
70.61667;29.717
69.98466;19.6725
59.02583;5.613333
61.37017;4.892334
61.868;5.273334
61.58333;4.95
63.65133;9.483666
61.28833;4.645
66.43417;12.93417
62.33333;5.266667
61.27333;4.623333
68.16734;14.188
67.83434;14.77417
70.13333;18.80583
55.88334;12.71667
68.18833;14.15733
69.98833;19.39167
61.32667;5.073333
59.55667;10.275
69.9835;23.48333
60.155;5.15
64.41167;10.45
57.957;7.205
64.86166;11.27333
60.93333;4.88333
70.9925;24.13333
67.39133;14.45933
59.3498;5.3163
55.90833;10.80667
68.23566;14.589
66.501;12.12567
63.51;10.14333
59.28417;5.325
67.068;14.02367
68.05466;13.703
58.89333;11.12167
62.78167;6.66
70.99;24.76667
49.24333;-68.13
17.94;-66.62334
-20.295;-40.235
61.65167;4.976666
61.49166;4.976666
69.33733;16.17567
69.78384;20.568
62.36917;6.041667
68.9;16.634
63.70333;9.516666
66.37833;12.93
59.26917;10.39017
59.8725;10.72833
69.28384;31.06667
70.78333;29.38383
62.71833;7.175
70.63667;21.92167
70.97083;24.5345
70.084;20.1
63.485;7.86
70.96667;25.45
71.13333;25.30017
59.67083;10.62416
56.03333;10.58333
61.76667;5.288332
59.93917;5.315834
55.46667;8.378333
70.71667;29.81667
68.156;14.658
51.96667;4.133333
63.89133;9.766666
65.47266;12.20733
70.09;20.10833
68.452;16.67267
68.97833;16.69167
67.93433;15.48667
69.18433;18.051
-38.57567;-58.68733
68.107;15.35667
63.6;8.378
62.50233;6.601666
68.45033;17.63433
59.50083;5.200833
60.665;4.94
70.06783;20.36667
62.53367;12.97583
58.03517;7.923666
62.48;6.358333
65.47467;12.208
59.54333;5.226666
58.87033;9.5225
58.865;9.609167
69.76783;19.28333
60.10333;5.183333
70.98417;24.61683
70.83417;23.73333
63.9275;9.886666
57.1;-5.821667
55.61717;12.98417
59.87;10.65667
61.618;4.968
59.88433;5.534
42.52;-82.68833
59.11867;9.621667
58.86833;9.429833
68.56717;16.518
67.72234;14.702
59.876;10.71
67.67467;14.404
68.72166;16.66667
67.3715;14.392
67.125;14.01667
63.23333;7.566665
55.90333;10.835
66.22234;13.42
71.98417;24.617
59.253;10.50283
69.21733;17.9505
66.01733;12.19183
67.65334;12.70933
69.21733;17.95083
59.52917;17.05333
66.37434;13.007
69.78433;18.93433
63.835;-22.4375
59.855;10.24
65.47083;12.20333
64.4925;10.67167
78.09666;14.16667
61.56816;4.95
65.50467;12.153
68.80083;16.61733
20.665;-17.03333
64.44334;10.51667
-34.33417;-58.468
61.6645;4.981667
69.151;16.83467
69.884;26.1
59.37833;5.1675
61.575;4.981667
62.11333;6.033333
70.0675;20.78333
69.75017;19.11733
60.005;5.103333
69.9675;20.26733
61.57833;4.965
63.554;9.192333
65.46933;12.201
60.50933;12.10733
58.24583;6.788333
68.36667;15.04067
78.23333;15.66717
-6.143333;148.5933
60.36167;6.175
68.89584;15.57033
59.08333;5.666667
64.758;11.101
59.14417;6.08
67.72366;14.703
59.25;5.180833
58.24166;8.521667
54.41;8.611667
71.0505;24.61717
59.28583;5.164166
59.08583;5.471667
58.93833;9.641666
63.86917;9.724667
59.10417;10.98167
60.80667;4.971667
60.9;4.908333
59.34167;5.315
66.8345;13.285
63.51333;7.978333
60.1275;4.988333
68.79333;16.5575
59.42533;5.2355
60.08667;5.184166
63.802;11.308
63.64133;8.687333
68.7175;16.634
69.4515;18.01717
69.5;18.05
53.83383;8.784333
65.217;11.8865
66.502;12.105
62.757;6.825667
71.05117;28.28417
63.37267;8.235
67.50933;11.98367
65.225;11.94133
30.36667;-91.23466
59.05333;10.465
29.36167;-94.81333
66.357;12.57067
45.5;-73.55
59.43667;5.238333
69.88333;28.76667
59.28833;4.901667
59.31167;18.805
65.474;12.20967
69.0505;16.56667
40.75;-74
60.75;5.166667
70.0505;21.71733
67.66666;12.66667
51.5335;-4.200167
64.05167;10.054
59.879;10.5775
65.90334;12.02217
69.68483;19.018
69.83434;20.5005
71;24.66733
59.865;10.59367
59.85467;10.51783
63.858;8.601334
55.68333;12.56667
0.3913333;9.341833
0.9333333;104.7737
-52.5;-69
61.9295;5.124166
71.084;24.16717
70.95033;25.83433
61.78333;4.875
63.64133;9.516666
60.05;4.5
59.01;9.7725
66.95667;13.74167
62.33733;5.754
60.2875;5.155833
62.33333;5.666667
68.15633;14.65833
30.5;91.08334
65.89167;12
60.43167;5.02
58.86666;9.4275
46.97;-2.375
66.36867;12.62367
65.43333;12.2
67.755;14.71667
58.23583;6.520833
59.1725;10.39667
64.31767;10.402
55.9175;14.33383
63.67267;9.273666
67.84917;14.78333
9.0705;-79.68667
63.054;7.321667
68.31834;14.705
59.595;5.318333
59.87167;5.571667
25.9675;56.03483
62.31967;5.733333
69.97583;14.954
68.60117;14.4175
63.702;9.516666
-28.46667;-71.25
61.33333;5
59.11234;5.888333
65.46933;12.20117
58.33333;6.266667
68.18983;14.41867
61.86666;4.916667
68.58967;14.824
30.16667;-85.68333
70.09834;25.40117
62;5.333333
58.97667;5.395
65.46983;12.20133
51.42467;3.005
63.402;7.754
65.473;12.2
68.18567;15.671
65.4675;12.00083
62.31;5.58
63.063;7.980834
64.0255;10.002
65.15;-13.68333
66.46817;12.10033
68.141;16.23433
63.58733;8.541333
32.65083;-117.2013
68.68667;17.09667
66.85;12.55033
60.46667;26.96667
62.059;5.520667
63.71667;11.13667
67.11767;14.15
62.36867;5.653333
64.03833;10.01333
63.67267;9.273666
62.43167;6.368333
59.68;10.60833
65.509;12.13983
63.2;7.733333
67.81917;14.74
59.36666;5.133333
70.23466;22.33417
23.009;-59.95933
60.75;4.975
63.62467;9.459333
68.051;13.20083
64.03333;9.220667
59.17333;10.585
68.81;16.64167
70.3675;31.10083
65.93383;12.118
60;5
61;5
65.20567;12.03933
60.93333;4.616667
62.81333;6.915
67.768;14.501
70.06767;29.63367
70.91666;25.55
68.21817;14.65117
60.99533;4.91
63.63833;9.473666
62.24233;5.909333
59.88433;23.80117
80.46333;20.16667
61.15333;5.016667
70.03484;20.43383
60.43333;5.15
69.75417;19.1015
64.04166;10.05333
70.05133;29.91783
-54.56833;-72.13667
59.68667;10.60917
55.5;12.76667
67.484;15.45083
66.65466;13.41667
62.85833;6.541667
61.33333;5
67.78416;14.50117
61.37333;4.733333
68.08366;13.06817
61;5
68.56717;16.5175
58;8
63.01667;7.358333
70.27417;30.99167
51.4;3.929167
55.51667;12.60667
60.08333;5.216667
70.25;30.91667
65.95033;12.23333
59.05;5.583333
45.33333;-66.13333
70.03584;20.78333
60.50083;5.266667
58.2;6.666667
63.61683;9.016666
32.06667;81.06667
60.21783;5.2
61.58333;4.95
68.25833;15.00167
63.01833;7.358333
59.16667;5.833333
60.00134;5.8175
59.33633;5.287333
65.4835;12.2
64.234;10.25017
70.85;24.18333
69.7625;18.17167
70.27333;30.98833
61.71667;4.95
71.04166;25.905
68.57;16.52167
69.48833;17.485
66.017;12.23367
55.98333;12.8
68.11733;13.85167
69.23333;17.955
65.99167;12.405
69.403;16.94033
61.6;4.951
59.98333;5.316667
59.23;5.058333
37.08333;-76.01334
70.27834;30.98833
69.78333;19.1
57.635;11.61333
68.2675;13.56733
60.95033;5.0005
61;5
48.04167;-4.941667
60.2175;5.151166
69.58334;17.85167
68.13467;13.4515
61.83833;5.285
61.91667;5.133333
69.70333;30.10167
58.1;8.166667
68.96783;15.71733
58.53333;5.7
58.03333;6.983333
61.31667;5.066667
68.15417;14.217
66.08417;12.38333
61.93633;5.1335
70.28667;31.06333
60.82167;4.790333
68.25017;13.51733
68.69833;15.455
69.634;18.11667
62.9005;6.883667
65.467;12.20033
69.97166;19.67167
65.90667;12.38167
63.43833;8.571667
71.05;24.66667
68.94234;14.958
60.78467;4.933333
67.66;14.715
58.43333;6.016667
61.93333;5.05
66.1405;12.7
66.11667;12.318
59.1625;5.3075
61.92916;5.124166
61.15333;7.208333
58.26333;11.44
59.13583;10.95417
68.82166;16.635
67.75333;14.73833
71.10833;24.85
60.14667;5.191667
63.04667;7.288333
64.79166;11.1
59.14417;5.273667
62.1975;21.31
57.66667;11.78333
69.92834;18.46667
66.125;13.50667
63.01833;7.358333
60.67667;4.783333
63.895;9.773334
70.63333;30.28333
68.80666;17.14833
61.8075;4.888333
67.91;15.12
69.45667;18.45833
66.89584;13.37333
63.64833;8.401667
56.625;10.8
63.70167;9.518333
63.84167;11.07667
58.08667;6.808333
63.895;9.771667
58.06217;6.517167
61.5975;4.9575
61.87366;5.213333
66.19334;13.00667
58.89167;9.6075
65.46917;12.2
69.79;19.06
67.737;14.73833
59.355;5.311666
67.81667;16.51667
63.8205;9.572833
78.25;13.86667
63.56833;9.275
68.43166;14.82667
50.85;-1.333333
68.56333;16.51683
70.28167;21.96167
63.845;9.646667
59.21333;5.173333
59.09833;10.82333
63.865;8.525
69.41666;17.15
59.23333;5.366667
61.83383;5.245
63.92667;9.89
67.72667;14.705
70.69417;23.62
68.86333;15.56
59.14083;10.97167
58.96083;9.823334
67.66917;14.71
68.18833;13.53667
63.19333;8.691667
63.49667;7.708333
56.10333;12.61167
70.23;21.2
70.99416;24.615
63.87583;9.756667
68.97334;16.72833
71.0075;27.21667
59.892;10.72467
70.53833;30.13
62.09167;7.095
65.91783;12.37667
60.05917;5.925
58.04667;6.976666
70.495;22.57167
70.03833;19.57167
64.94167;11.47167
59.00834;5.558333
60.7025;4.92
63.45667;7.798333
65.90334;44.13
69.81667;19.03
61.86666;6.083333
67.28833;14.36833
61.37583;5.028333
59.87133;10.66883
58.36666;8.683333
60.20833;5.539166
69.585;17.86333
71.055;27.81167
66.23;12.91833
61.92967;5.126167
63.48;7.86
69.99;23.375
70.61667;25.98333
70.49416;22.13333
59.98667;5.955
62.865;7.120833
59.33333;3.075
68.07833;13.72
68.49667;14.47833
63.705;9.401667
66.20167;13.01833
66.20167;13.01833
69.42167;17.15
65.44167;12.15667
70.95;25.5
59.68717;10.608
66.95667;13.54833
70.97833;23.575
66.925;13.48667
61.985;5.171667
58.30083;6.268333
61.15417;4.758333
59.585;17.86333
22.52167;69.11
59.88033;10.70833
69.33833;1.044667
60.05917;5.525833
70.96667;25.47667
60.06833;5.54
59.15;5.173333
21.4325;39.03833
62.7775;6.975
59.86917;5.566667
70.79083;24.235
71.03833;24.22
65.71167;11.93167
59.82133;5.258
68.9225;15.01917
68.55466;16.47
68.06917;13.5525
61.325;5.071667
62.36666;5.781667
67.85;14.6
61.06917;6.433333
61.21333;7.578333
69.755;19.11333
68.06;13.17167
69.49333;17.60833
58.08333;7.9975
69.7075;30.10417
62.485;6.313334
62.55333;6.186666
69.324;16.1555
61.04467;4.743333
63.01667;7.356667
67.16283;14.07217
59.71;10.5905
64.14833;10.10167
68.28333;15.11333
62.20833;5.5
62.63833;9.465
62.335;5.748333
59.25834;5.426667
65.48133;12.21467
63.305;8.107166
66.52;12.11833
59.335;5.288333
66.19;13.00833
68.63;16.58833
68.57166;16.5275
60.31667;4.991667
66.5975;18.1555
63.71667;8.886666
71;23.87167
65.01;11.675
58.43833;5.993331
65.93667;12.24667
55.65167;10.62667
60.58333;5.466667
67.37167;14.49167
69.74;19.085
71.08334;24.725
68.31834;14.31667
68.34333;14.01667
58.21667;8.033334
70.045;27.81667
61.93333;5.108333
59.13667;10.76333
61.86666;4.866667
59.86666;5.533333
58.93333;11.11
67.27167;14.3125
64.13483;10.105
68.1175;13.8525
70.68333;23.59667
68.9;16.695
62.64;6.406667
61.41167;4.836667
59.28833;5.2
60.8;4.72
63.26167;8.241665
70.96667;27.30833
60.33;5.193333
58.06167;6.853333
60.93767;4.626833
69.835;19.44333
65.46667;12.2
56;12.06667
58.03333;7.733333
65.45883;12.17917
70.78833;22.99667
68.33567;14.956
63.06667;7.691667
61.47917;4.71
63.87667;9.765
63.24333;8.275
70.26334;20.76167
60;5
59.625;10.41333
70.37666;31.15
53.81967;9.3555
64.14833;10.10333
59.24333;10.4675
60.875;4.966667
66.51;12.09667
59.01667;5.8
55.82667;12.805
61.7325;4.956666
68.67;16.63833
61.65;4.936666
60.33833;5.183333
58.95;5.783333
62.48833;6.338333
69.545;18.78333
63.63667;9.458333
55.66667;12.66833
70.4805;22.17167
59.63334;10.61667
61.905;4.966667
62.59333;6.261667
68.05;13.66667
70.96667;26.69
70.79166;25.775
59.23333;5.85
70.96667;27.13833
67;14.055
61.575;4.975
78.31667;14.5
70.58334;22.25
51.41667;3.666667
70.26667;30.95
69.55666;18.73333
63.77833;9.531667
70.5305;22.94167
60.145;5.433333
60.84833;5.006667
70.69;29.91667
69.83334;18.63333
63.71333;8.881667
60.82;4.75
65.61333;12.30833
69.64167;18.98333
59.96667;5.333333
65.55167;11.88
65.65;12.03333
59.03333;5.75
67.48333;11.81667
61.67;4.978333
62.845;6.768333
68.15334;14.65
43.75834;15.58333
58.12167;10.37833
65.88;12.11333
70.67167;27.86667
66.78167;13.09833
60.3;6.616667
60.08833;5.201667
53.59583;9.591666
60.18333;5.466667
61.77167;5.288333
63.67167;9.513333
68.57166;16.53333
60.36666;6.716667
59.33333;5.3
64.86667;11.26667
68.25;13.53333
-6.816667;39.3
70.6;23.60833
69.90083;19.4845
68.21333;13.51333
68.17333;13.15333
59.3;5.166667
65.47166;12.2
69.23333;17.934
63.675;8.818334
63.71833;9.523334
-12.96417;-38.53333
70.3;21.36667
58.05;7.8
59.20833;10.96667
64.87;11.165
62.425;5.94
59.345;5.31
61.03667;4.743333
66.44167;11.96667
70.28833;19.73667
62.335;5.7575
67.29833;13.96333
62.33833;5.753334
60.26333;5.171667
65.4725;12.20333
56.70833;8.233334
60.98333;4.816667
70.03333;20.85
60.23667;5.208333
59.13334;10.93333
67.42667;13.98333
68.23167;14.015
68.30167;14.85167
63.835;9.621667
66.17367;13.03
59.58833;5.171667
60.74;5.271667
65.94666;12
63.6;9.25
68.23167;14.77667
58.06167;7.815
68.23167;14.77667
58.52167;5.703333
69.525;17.43333
62.2925;8.31
61.32167;5.071667
70.23333;22.33833
59.21;5.471667
68.2875;14.14667
63.655;8.78
70.6;22.25833
59.52167;10.535
59.14333;6.075
59.02667;5.675
61.87333;5.256667
69.75333;19.11667
63.90667;9.84
61.5825;4.95
63.70167;8.853333
69.68833;18.71667
58.25917;6.825
62.37167;6.193333
66.535;12.99333
61.03833;4.743333
68.57166;16.52833
69.75;19.11667
59.54333;5.225
62.34333;5.758333
61.60083;4.956666
62.5;6.025
61.59167;4.983333
62.35;5.75
63.88833;8.76
78.08334;14.08333
59.01733;10.41667
60.28667;5.156667
63.875;9.755
63.90333;9.923333
69.81667;19.4
58.925;9.633333
58.20667;6.546667
66.00833;12.37833
59.07583;10.52833
9.25;-79.91666
62.41667;6.375
61.76667;5.146667
61.08333;6.5
68.68667;15.42833
61.94667;5.125
62.335;5.741667
64.27834;10.32
69.05167;17.39
65.655;12.025
70.965;25.92
61.38167;5.028333
61.15833;5.064167
60.43333;4.866667
69.55;18.7
64.13667;10.08167
70.59167;30.325
78.415;11.15
62.035;5.341667
67.28133;13.50333
57.98667;7.383333
21.465;39.13334
60.125;5.206666
70.00667;18.78167
65.26;12.35333
60.79167;4.95
59.14333;5.278333
62.60133;6.451
70.88333;24.31333
60.38334;5.2
70.65833;29.78333
68.01833;15.31
55.70833;12.63333
2.235833;101.6715
61.03583;4.738333
59.72;10.58833
60.73333;5.283333
59.86666;5.566667
58.25;6.65
70.96667;26.71667
62.801;6.751333
60.80833;5.308333
61.03667;4.74
68.97833;16.62
60.58333;4.761667
59.775;5.391667
59.73333;5.738333
70.25667;21.45
63.83433;9.650167
59.42667;5.235
60.125;5.383333
70.88333;25.35
63.68667;7.77
69.18833;18.06667
70.53;22.94167
64.80833;11.60333
63.975;9.083333
69.75833;19.11667
68.94833;14.96
59.41667;5.266667
60.82;5.066667
56.08333;11.01733
64.13467;9.950167
67.65;12.71667
69.18166;18.05833
68.79;16.55833
68.18333;14.46667
66.92333;13.48333
61.98333;5.05
69.23333;17.95833
64.40667;10.435
68.55334;16.44167
63.7345;9.883667
55.56667;7.666667
60.15;-1.183333
65.44;12.155
66.51167;13.01667
58.31;8.591666
68.26;14.79667
59.48167;10.40833
68.23666;14.55667
8.503333;-62.54667
59.13334;5.25
68.2425;14.8
69.75667;19.1
69.08417;17.61667
64.001;9.967667
60.13334;5.05
53.35;-6.25
69.6525;18.99167
65.93333;12.18833
66.93;13.455
61.38334;4.875
59.83333;5.266665
63.3;8.25
60.26333;5.188334
61.1;6.05
68.16666;13.9
63.8845;8.7505
68.53167;15.18667
70.25833;19.78333
58.92667;9.576667
61.65;4.975
65.71;11.85
70.38667;31.11833
51.45;3.583333
60.15;1.183333
61.58833;4.95
69.41666;17.13333
70.975;26.025
61.995;5.188334
67.81667;14.73333
69.23333;17.955
68.82333;16.57833
59.295;5.305
61.935;5.433333
70.12666;19.01667
64.27834;10.32
58.055;6.975
68.225;14.74333
61;5
69.41333;17.28
66.82833;13.28
69.66666;18.25
63.91;9.85
61.38167;4.936666
68.41333;14.39167
59.20833;10.805
12.9;-61.1
59;5.386667
78.10167;13.945
63.625;9.493333
66.025;12.54167
60.815;4.763333
58.99166;9.761666
58.13;6.905
70.63333;23.66
59.64;5.34
63.775;9.505
67.6875;14.34
62.45;6.15
63.08333;7.733333
63.08167;7.421667
68.57333;16.53833
67.05733;14.0245
63.325;8.111667
68.225;14.74833
66;14
59.025;5.776667
70.96333;27.25
63.65667;8.995
61.58;5.005
67.09167;13.9
62.61333;6.452833
69.30666;17.97833
59.135;10.93667
64.07166;9.176666
59.2395;10.45917
70.27666;30.99
70.54;23.12667
67.83334;13.76667
64.845;11.2
68.225;14.79167
59.13334;10.93333
70.28;30.99
68.345;14.30333
67.64167;12.56667
67.645;12.56167
59.13833;10.945
69.18333;18.05667
68.48333;16.90833
70.7;22.75833
70.93333;25.56667
70.68333;28.52833
61;5
66.1;14
71.045;27.84167
70.98333;26.05
69.65166;18.98
59.085;5.69
60.425;6.621666
69.97334;20.26333
60.1275;4.986667
63.65333;9.503333
5.833333;-55.16667
59.36666;5.2
70.905;25.61667
70.47833;22.23333
56.41667;10.93667
56.00667;-5.346667
70.53333;22.68667
69.16333;17.86667
70.03333;21.2
69.93333;23.05
70.61667;23.36667
62.43333;6.35
8.298333;-62.83833
56.96667;10.35
65.16666;11.98333
55.21667;12.16667
70.15833;20.2
40.58;-74.025
47.18333;-2.291667
56.63334;12.78333
68.58334;16.5
68.555;16.33
58.2;11.51667
5.3;-4
67.83334;14.7
62.20833;5.47
58.15;8
70.98333;25.43333
60.1;18.85833
68.8;16.61667
59.285;5.325
65.71667;11.85
58.855;9.433333
65;12
68.21667;14.83333
61.575;4.949667
69.75;19.11667
69.31667;17.98333
69.22334;17.95667
66.91666;13.5
63.85333;8.458333
70.83334;23.45
60.33367;5.175
64.01;9.976666
70.48333;23.6
64.00883;9.967834
69.27167;17.95167
61.16667;5.083333
68.95;15.98333
58.13334;11.95
65.21667;11.89167
68.75833;16.80333
68.33334;15.83333
61.10333;6.99
59.43333;5.228333
59.57667;5.275
63.11666;7.75
69.75;19.1
63.98333;9.966666
70.06667;19.51667
65.79166;12.2
59.41667;5.266667
67.90667;15.19333
65.83334;12.33333
65.35;12.075
64.02167;10.00333
61.54667;5.221667
60.16667;6.583333
66.19334;12.43833
66.78333;13.43333
68.48333;14.81667
63.36666;7.766667
-20.75;-70.2
68.5;16.11667
58.21;15.51833
63.62;9.03
58.3;7
69.75;19.11667
69.73333;19.1
63.025;7.351666
62.31833;5.663333
63.55833;8.483334
70.48333;22.18333
58.925;11.03667
29.56667;-94.91666
60;5
68.71667;16.80833
62.46167;6.035
68.16666;14.33333
58.08333;6.8
66.8;13.25
59.4;6.4
60.05;5.7
65.85;12.16667
66.56667;13.05
59.66667;5.25
61.86666;5.233333
-30.4;-51.06
58.40833;8.798333
68.60833;14.46167
70.02333;19.89667
67.48333;15.46667
59.35833;16.99667
69.33334;17.06667
68.34167;15.00833
57.88;11.57833
29.18333;-89.25
60.23333;5.2
70.43333;22.16667
60.73333;5.283333
61.91667;5.116667
62.31;5.578333
66.83334;13.68333
70.25;22.41667
70.71667;29.96667
62.485;6.133333
60.95;5.125
70.63333;29.8
68.81667;16.95
59.35;5.316667
21.5;39.1
59.41667;5.266667
61.91667;5.25
58.2;11.5
80.06667;31.36667
54.475;12.16667
62.54667;6.205
62.56667;6
59.16667;5.5
68.22383;14.56417
60.73333;5
66.60333;12.83333
60;5
59.25333;5.173333
63.15;8.406667
70.28333;22.3
61.915;5.433333
61.2;5.115
46.18333;-123.1667
69.66666;19.66667
59.41667;10.53333
59.2;9.5
51.47167;0.3666667
71.01667;27.2
69.75333;19.11667
62.84333;6.588333
70.6;23.34167
62.71783;7.188334
70.99;24.62167
62.52033;6.205833
67.03333;14.24167
67.33334;14.23333
69.1;16.78333
71.13333;27.65
60.4525;4.936666
55.82333;12.8
70.08334;20.91667
60.16667;5.483333
59.26667;10.41333
62.89167;6.871666
59.15833;5.933331
69.74667;19.09167
-2.213333;104.93
60.85333;5.066667
68.93833;14.855
70.25;22.35
64.14667;10.10333
67.645;12.71833
71;24.96667
69.43333;20.16667
70.83334;23.66
61.13334;4.741667
65.85167;12.125
54.96667;11.58333
69.71667;19.1
49.48333;0.4666667
69.6;17.81667
70.06667;20.98333
68.55167;16.48333
68.18166;13.73
61.33333;4.883333
66.97334;13.735
63.01667;7.358333
68.85;17.05
70.98333;25.96667
60.88334;4.916667
59.81667;5.275
61.03833;4.741667
59.01667;9.766666
39.95;-75.16666
43.4;-124.2167
59.87167;10.66
68.78333;15.95
32.36666;15.2
59.075;6.016667
69.02834;17.36
63.83667;9.618333
60.3225;5.188334
64.72;11.16667
63.62667;9.495
62.42667;6.425
65.43333;12.16667
69.155;18.14
70.52;22.93667
63.70167;9.515
61.06667;5.8
65.56667;12
68;14
68.73833;14.57833
69;16
59.55;5.216667
63.53333;8.333333
70.85667;29.20167
19.80833;-70.70667
60.33667;5.748333
63.48833;8.466666
59.9835;5.338333
30.35;-89.08334
66.43333;12.83333
64.80334;11.6
60.91667;5.033333
65.31667;12.03
67.375;14.575
68.21667;14.55
70.4;31.025
63;10
59.26167;6.16
59.26833;5.353333
61.325;5.066667
61.5;5
66.555;12.67167
68.85667;16.13
59.73333;10.58667
63.65;8.666667
65.1875;11.85333
59.41667;5.266667
70.88;25.515
57.75;10.66667
62.73;6.94
70.72667;22.73333
66.00833;12.375
61.83333;6.25
76.46667;16.75
62.45;6.15
35;140
68.83334;14.83333
67.11667;14
65.88333;12.175
10.55;-71.53333
70.4;30.73333
59.21667;5.816667
70;23
68.41666;15.33333
59.00834;9.78
68.8275;16.64167
71;26
59.3;5.216667
63.91;9.855
61.475;5.26
11.21667;-63.76667
68.42167;15.13333
60.56583;5.376667
71.005;24.725
61.38334;4.666667
60.74333;5.018333
59.7;5.3
66.78333;13.45
26.41833;52.49
59.13334;10.93333
67.41666;13.98333
59.53333;5.45
60;5
68.61667;14.39667
70;20
60.94333;4.978333
59.99333;5.233333
63.64167;9.005
70.05;20.43333
60.745;5.016667
63.55667;9.906667
60.85333;5.065
69;17
58.61666;13.16667
59.20167;5.833333
69.51667;22.13
69.9;29.905
70.70834;30.075
60.71667;5.333333
70.26334;20.3
70.65;23.64
61.5;5
59.28333;5.316667
58.41667;5.941667
63.65;8.866667
60.855;5.066667
63.45;9
68.23333;14.5
61.59833;4.97
71.03333;24.71667
68.3;14.28333
65.18667;11.85333
59.675;5.616667
71.08981;24.14393
61.16667;10
58.11666;11.7
60.82333;4.793334
61.46333;5.833333
69.81333;30.90333
59.91667;5.517833
69;16
68.23333;14.58333
25.9;-97.46667
60.70833;4.925
64.76;10.995
69.235;17.96
63.45167;10.31833
68.56167;16.52333
64;9.966666
60.125;5.1
59.07167;10.24667
60.55333;5.23
63.32333;8.158334
69.09167;17.61333
59.90833;5.528333
-40;62
65.81667;12.38333
62.17667;5.366667
56.66667;8.133333
65.47083;12.20167
63.88334;9.116667
58.4;8.8
62.815;7.911667
63.915;9.873333
58.93;5.541667
67.16167;14.06667
69.75;19.11667
68.96667;15.65
63.87833;9.76
63.85833;8.466666
59.90083;10.73083
69.4;16.93667
60.40617;5.246666
69.65;18.96667
66.86667;13.45
68.96416;15.3025
68.16666;13
61.38833;4.876667
9.116667;-79.75
60.905;4.958333
29.36667;-94.88333
65.46667;12.2
59.05167;9.651667
36.88;-76.33334
67.425;14.43
69.65;18.96667
64.01667;9.983334
61.895;5.121666
62.58333;6.266667
58.31733;6.266667
58.71333;13.67833
59.98167;5.763333
35.40367;139.6682
69.95;19.66667
45.5;-74.71667
63.80333;8.696667
60.81167;4.9505
61.18333;6.538333
64.49284;10.67167
61.918;5.1175
60.59917;5.020833
68.23333;14.78333
61.87333;5.213333
78.33334;14.5
68;14
54.98333;-7.316667
60.28333;5.183333
61.115;6.116667
68.905;16.23833
60.33583;5.185
62.19167;5.16
66.84666;13.68833
70.895;25.56667
68.295;14.28583
66;12
65.21667;21.5
70.62833;29.76667
69;16
60.91733;4.7345
70.54833;23.25
70.68166;23.58833
18;-66.78333
65;12
61.634;4.983667
68;15
70.955;25.45
60.92833;4.718333
67.43467;14.41833
70.38333;22.56
70.7;29.78833
65.48333;12.21667
60.40667;5.241333
68.23333;14.58333
63.65;8.733334
63.703;9.516666
69;15
63.32084;8.22
62.16667;6.583332
58.96833;5.768333
70.66666;29.83333
63.83667;9.616667
62.76;6.525
65.92;12.14667
56.79167;9.016666
66.565;12.86167
-34.60167;-58.25834
65.48583;12.235
63.705;9.516666
59.00834;5.558333
58.96667;5.766667
61.63883;4.983333
60.48833;5.251
68.43333;16.13333
59.27083;5.45
63.32833;8.158334
71.13167;27.63333
65.92083;12.14667
59;5
70.48333;22.1
59.1045;9.588333
59.03417;5.768167
61.31667;5.051167
55.63;12.89
62.43583;5.608333
-4.733333;11.75
61.65017;4.983333
58.07333;6.928333
69.92;29.74333
8.601167;-62.234
60.67;4.748333
52.96667;-0.03333334
71.05;26.2
69.23833;17.97667
60.81667;4.766667
67.2;14.33333
63.62;9.014167
67.81834;14.72833
58.08333;7.998333
61;5
51.4;3.716667
66.42;12.82167
70.0175;18.80033
59.00834;9.78
60.885;4.955
71.00667;25.025
70.2775;30.99
64.88333;11.3
61.63733;4.990833
60.08667;5.1325
62.33383;5.817833
71.02167;25.06667
68.67;16.63667
63.85;9.661667
62.46667;6.1175
27.03417;50.7005
69.75;19.11667
59.13417;10.93333
54.7;-1.155
9.351;-79.91817
65.47;12.2
55.88334;12.85
60.11666;5.101666
59.18417;9.617167
70;23
62.20333;5.08
67.09167;14.40833
70.33334;22.96667
68.13;13.86667
63.64167;9.488334
29.36667;-94.88333
59.88667;5.22
61.62;4.968333
61.625;4.976666
62.32167;5.664166
61.938;5.135334
65.44;12.16333
59.89833;10.73833
67.83334;14.76667
59.81833;10.59917
69.78833;19.13667
59.80833;5.66
51;6
66.38667;12.81667
59.03333;5.55
59.46667;5.208333
60;5
65.91666;13
60.91667;4.9
60.405;5.243333
61.31667;16.13333
70.6;29.66667
59.15833;10.89667
65.01667;11.71333
70.03333;18.63333
61.6;4.958333
61.61333;4.97
60.57167;5.233333
70.6;29.66667
62.61333;6.341667
64.4885;10.75017
66.06533;12.67
58.25083;6.5
65.39667;11.955
60.75;5.016667
60;5
59.76167;10.56667
64.46716;10.73333
60.853;4.853333
66.31667;14.13333
59.45;5.225
68.18333;15.6
77.73333;14.68333
30.56667;32.26667
70.26167;30.93833
63.751;8.600166
65.4675;12.20083
60.24;5.743333
69.25833;17.99333
70.36333;31.15
62.8005;6.734167
68.94666;16.65
65.5;12.21667
68.22667;14.73333
59.18833;10.89167
68.56667;16.375
60;5
60.78333;4.713333
70.36667;31.11667
68.82333;16.57167
70.03;20.84667
58;6.833333
68.13333;14.15
59;5.808333
59.5225;5.246666
66;12
60.545;5.275
60;5
68.16666;14.21667
57.63334;18.28333
70.37917;31.15167
70.15;20.38833
61.60167;5.033333
59.45;5.2
58.86666;9.625
69.54833;18.75333
14.6;-61.1
60.43;4.876667
70.04333;21.81167
10.63383;-71.63383
70.69334;22.89667
70.97667;25.965
70.98333;25.98333
68;14
62.63667;6.52
63.85083;9.616667
61.77166;5.296665
69.61667;18.08333
69.31667;16.13333
55.585;12.73333
67.51667;14.73333
70.04166;20.76667
51.05;2.4
70.26334;22.625
70;20
61.23167;4.753334
-2.983333;104.75
70.27666;30.99
58.33333;8.666667
47.48333;-70.23333
60.127;4.9885
59.25;5.333333
70.50166;23.17833
70;20
70.39667;31.12167
70.055;19.04
65.36667;12.05
63.55;9.25
60.14333;5.43
71.045;23.95333
63.69667;9.516666
66.11667;12.3
60.94167;4.753334
60.45917;5.023334
59.59667;5.136667
57.08333;6.825
58.3375;8.606667
69.87666;20.76667
66.93833;13.46667
63.01667;7.766667
69.00833;17.245
70.49667;22.26333
58.9995;5.805
58.97167;5.75
60;5
62.50667;6.08
60.90833;4.958333
58.875;9.625
65.21667;11.89
60.40667;5.231667
68.33334;14.268
69.30133;17.98333
70.03167;18.56833
68.14167;14.28
63.78333;9.517834
58.93333;5.566667
48.63334;-2.033333
59.63334;10.505
63.68483;9.516666
60.75;5.033333
68.89167;16.175
68.56667;16.375
63.6835;8.767333
53.18333;4.833333
58.17;10.75833
63.71667;9.517167
68.22166;14.85
68.23167;13.78
63.23;8.248333
63.05833;7.33
63.23483;7.571667
55.46667;8.416667
68.57333;16.53833
66;12
68.96667;16.21667
67.83334;13.75
62.43367;6.05
59.13334;10.93667
61.62083;5.095
69.74667;19.09
68.57333;16.52667
65.77067;11.67167
63.35;10.18333
59.22333;5.466667
67.83334;13.75
64.87;11.2675
60.94333;5.008333
60.76583;5.028333
30.66666;-88.03333